municipio_id,municipio_nome
37,Polo_0
37,Polo_1
37,Polo_2
37,Polo_3
37,Polo_4
37,Polo_5
37,Polo_6
37,Polo_7
37,Polo_8
37,Polo_9
37,Polo_10
37,Polo_11
37,Polo_12
37,Polo_13
37,Polo_14
37,Polo_15
37,Polo_16
37,Polo_17
37,Polo_18
37,Polo_19
37,Polo_20
37,Polo_21
37,Polo_22
37,Polo_23
37,Polo_24
37,Polo_25
37,Polo_26
37,Polo_27
37,Polo_28
37,Polo_29
37,Polo_30
37,Polo_31
37,Polo_32
37,Polo_33
37,Polo_34
37,Polo_35
37,Polo_36
37,Polo_37
37,Polo_38
37,Polo_39
37,Polo_40
37,Polo_41
37,Polo_42
37,Polo_43
37,Polo_44
37,Polo_45
37,Polo_46
37,Polo_47
37,Polo_48
37,Polo_49
37,Polo_50
37,Polo_51
37,Polo_52
37,Polo_53
37,Polo_54
37,Polo_55
37,Polo_56
37,Polo_57
37,Polo_58
37,Polo_59
37,Polo_60
37,Polo_61
37,Polo_62
37,Polo_63
37,Polo_64
37,Polo_65
37,Polo_66
37,Polo_67
37,Polo_68
37,Polo_69
37,Polo_70
37,Polo_71
37,Polo_72
37,Polo_73
37,Polo_74
37,Polo_75
37,Polo_76
37,Polo_77
37,Polo_78
37,Polo_79
37,Polo_80
37,Polo_81
37,Polo_82
37,Polo_83
37,Polo_84
37,Polo_85
37,Polo_86
37,Polo_87
37,Polo_88
37,Polo_89
37,Polo_90
37,Polo_91
37,Polo_92
37,Polo_93
37,Polo_94
37,Polo_95
37,Polo_96
37,Polo_97
37,Polo_98
37,Polo_99
